scenario,mechanism,bad_debt_rate,max_bad_debt,bad_debt_es95,avg_bad_debt,false_liquidation_count,false_liquidation_loss,total_user_loss,liquidation_count,liquidation_timing,liquidation_delay,early_liquidation_lead,ending_collateral_eth,ending_debt_usdc,scenario_group,delay_for_score,solvency_feasible,pareto_efficient,topsis_score,topsis_rank,bad_debt_es95_rank,false_liquidation_loss_rank,total_user_loss_rank,liquidation_delay_rank,liquidation_count_rank,mean_rank,metric_win_count,user_risk_axis,protocol_risk_axis
random_normal_01,fixed,0.0,0.0,0.0,0.0,0,0.0,0.0,0,,0.0,0.0,1.0,1421.3941485168434,normal,0.0,True,True,0.0,2.5,2.5,2.5,2.5,2.5,2.5,2.5,5,0.0,0.0
random_normal_01,twap,0.0,0.0,0.0,0.0,0,0.0,0.0,0,,0.0,0.0,1.0,1421.3941485168434,normal,0.0,True,True,0.0,2.5,2.5,2.5,2.5,2.5,2.5,2.5,5,0.0,0.0
random_normal_01,buffer,0.0,0.0,0.0,0.0,0,0.0,0.0,0,,0.0,0.0,1.0,1421.3941485168434,normal,0.0,True,True,0.0,2.5,2.5,2.5,2.5,2.5,2.5,2.5,5,0.0,0.0
random_normal_01,uspl,0.0,0.0,0.0,0.0,0,0.0,0.0,0,,0.0,0.0,1.0,1421.3941485168434,normal,0.0,True,True,0.0,2.5,2.5,2.5,2.5,2.5,2.5,2.5,5,0.0,0.0
random_normal_02,fixed,0.0,0.0,0.0,0.0,0,0.0,0.0,0,,0.0,0.0,1.0,1391.9626824961497,normal,0.0,True,True,0.0,2.5,2.5,2.5,2.5,2.5,2.5,2.5,5,0.0,0.0
random_normal_02,twap,0.0,0.0,0.0,0.0,0,0.0,0.0,0,,0.0,0.0,1.0,1391.9626824961497,normal,0.0,True,True,0.0,2.5,2.5,2.5,2.5,2.5,2.5,2.5,5,0.0,0.0
random_normal_02,buffer,0.0,0.0,0.0,0.0,0,0.0,0.0,0,,0.0,0.0,1.0,1391.9626824961497,normal,0.0,True,True,0.0,2.5,2.5,2.5,2.5,2.5,2.5,2.5,5,0.0,0.0
random_normal_02,uspl,0.0,0.0,0.0,0.0,0,0.0,0.0,0,,0.0,0.0,1.0,1391.9626824961497,normal,0.0,True,True,0.0,2.5,2.5,2.5,2.5,2.5,2.5,2.5,5,0.0,0.0
random_normal_03,fixed,0.0,0.0,0.0,0.0,0,0.0,0.0,0,,0.0,0.0,1.0,1379.8026770700005,normal,0.0,True,True,0.0,2.5,2.5,2.5,2.5,2.5,2.5,2.5,5,0.0,0.0
random_normal_03,twap,0.0,0.0,0.0,0.0,0,0.0,0.0,0,,0.0,0.0,1.0,1379.8026770700005,normal,0.0,True,True,0.0,2.5,2.5,2.5,2.5,2.5,2.5,2.5,5,0.0,0.0
random_normal_03,buffer,0.0,0.0,0.0,0.0,0,0.0,0.0,0,,0.0,0.0,1.0,1379.8026770700005,normal,0.0,True,True,0.0,2.5,2.5,2.5,2.5,2.5,2.5,2.5,5,0.0,0.0
random_normal_03,uspl,0.0,0.0,0.0,0.0,0,0.0,0.0,0,,0.0,0.0,1.0,1379.8026770700005,normal,0.0,True,True,0.0,2.5,2.5,2.5,2.5,2.5,2.5,2.5,5,0.0,0.0
random_normal_04,fixed,0.0,0.0,0.0,0.0,0,0.0,0.0,0,,0.0,0.0,1.0,2113.3712455310615,normal,0.0,True,True,1.0,2.0,2.5,2.0,2.0,2.5,2.0,2.2,5,0.0,0.0
random_normal_04,twap,0.0,0.0,0.0,0.0,0,0.0,0.0,0,,0.0,0.0,1.0,2113.3712455310615,normal,0.0,True,True,1.0,2.0,2.5,2.0,2.0,2.5,2.0,2.2,5,0.0,0.0
random_normal_04,buffer,0.0,0.0,0.0,0.0,0,0.0,0.0,0,,0.0,0.0,1.0,2113.3712455310615,normal,0.0,True,True,1.0,2.0,2.5,2.0,2.0,2.5,2.0,2.2,5,0.0,0.0
random_normal_04,uspl,0.0,0.0,0.0,0.0,2,23.964753203418077,23.964753203418077,2,,0.0,0.0,0.8245030913966735,1634.0761814627,normal,0.0,True,False,0.0,4.0,2.5,4.0,4.0,2.5,4.0,3.4,2,29.955941504272594,0.0
random_normal_05,fixed,0.0,0.0,0.0,0.0,0,0.0,0.0,0,,0.0,0.0,1.0,1408.8469240486904,normal,0.0,True,True,0.0,2.5,2.5,2.5,2.5,2.5,2.5,2.5,5,0.0,0.0
random_normal_05,twap,0.0,0.0,0.0,0.0,0,0.0,0.0,0,,0.0,0.0,1.0,1408.8469240486904,normal,0.0,True,True,0.0,2.5,2.5,2.5,2.5,2.5,2.5,2.5,5,0.0,0.0
random_normal_05,buffer,0.0,0.0,0.0,0.0,0,0.0,0.0,0,,0.0,0.0,1.0,1408.8469240486904,normal,0.0,True,True,0.0,2.5,2.5,2.5,2.5,2.5,2.5,2.5,5,0.0,0.0
random_normal_05,uspl,0.0,0.0,0.0,0.0,0,0.0,0.0,0,,0.0,0.0,1.0,1408.8469240486904,normal,0.0,True,True,0.0,2.5,2.5,2.5,2.5,2.5,2.5,2.5,5,0.0,0.0
random_normal_06,fixed,0.0,0.0,0.0,0.0,0,0.0,0.0,0,,0.0,0.0,1.0,1418.9873489394035,normal,0.0,True,True,0.0,2.5,2.5,2.5,2.5,2.5,2.5,2.5,5,0.0,0.0
random_normal_06,twap,0.0,0.0,0.0,0.0,0,0.0,0.0,0,,0.0,0.0,1.0,1418.9873489394035,normal,0.0,True,True,0.0,2.5,2.5,2.5,2.5,2.5,2.5,2.5,5,0.0,0.0
random_normal_06,buffer,0.0,0.0,0.0,0.0,0,0.0,0.0,0,,0.0,0.0,1.0,1418.9873489394035,normal,0.0,True,True,0.0,2.5,2.5,2.5,2.5,2.5,2.5,2.5,5,0.0,0.0
random_normal_06,uspl,0.0,0.0,0.0,0.0,0,0.0,0.0,0,,0.0,0.0,1.0,1418.9873489394035,normal,0.0,True,True,0.0,2.5,2.5,2.5,2.5,2.5,2.5,2.5,5,0.0,0.0
random_normal_07,fixed,0.0,0.0,0.0,0.0,0,0.0,0.0,0,,0.0,0.0,1.0,1407.807612453203,normal,0.0,True,True,0.0,2.5,2.5,2.5,2.5,2.5,2.5,2.5,5,0.0,0.0
random_normal_07,twap,0.0,0.0,0.0,0.0,0,0.0,0.0,0,,0.0,0.0,1.0,1407.807612453203,normal,0.0,True,True,0.0,2.5,2.5,2.5,2.5,2.5,2.5,2.5,5,0.0,0.0
random_normal_07,buffer,0.0,0.0,0.0,0.0,0,0.0,0.0,0,,0.0,0.0,1.0,1407.807612453203,normal,0.0,True,True,0.0,2.5,2.5,2.5,2.5,2.5,2.5,2.5,5,0.0,0.0
random_normal_07,uspl,0.0,0.0,0.0,0.0,0,0.0,0.0,0,,0.0,0.0,1.0,1407.807612453203,normal,0.0,True,True,0.0,2.5,2.5,2.5,2.5,2.5,2.5,2.5,5,0.0,0.0
random_normal_08,fixed,0.0,0.0,0.0,0.0,0,0.0,0.0,0,,0.0,0.0,1.0,1474.6168918022247,normal,0.0,True,True,1.0,2.0,2.5,2.0,2.0,2.5,2.0,2.2,5,0.0,0.0
random_normal_08,twap,0.0,0.0,0.0,0.0,0,0.0,0.0,0,,0.0,0.0,1.0,1474.6168918022247,normal,0.0,True,True,1.0,2.0,2.5,2.0,2.0,2.5,2.0,2.2,5,0.0,0.0
random_normal_08,buffer,0.0,0.0,0.0,0.0,0,0.0,0.0,0,,0.0,0.0,1.0,1474.6168918022247,normal,0.0,True,True,1.0,2.0,2.5,2.0,2.0,2.5,2.0,2.2,5,0.0,0.0
random_normal_08,uspl,0.0,0.0,0.0,0.0,1,8.425056855184662,8.425056855184662,1,,0.0,0.0,0.912578271376868,1306.1157546985314,normal,0.0,True,False,0.0,4.0,2.5,4.0,4.0,2.5,4.0,3.4,2,10.531321068980828,0.0
random_normal_09,fixed,0.0,0.0,0.0,0.0,0,0.0,0.0,0,,0.0,0.0,1.0,2048.340445850938,normal,0.0,True,True,1.0,2.0,2.5,2.0,2.0,2.5,2.0,2.2,5,0.0,0.0
random_normal_09,twap,0.0,0.0,0.0,0.0,0,0.0,0.0,0,,0.0,0.0,1.0,2048.340445850938,normal,0.0,True,True,1.0,2.0,2.5,2.0,2.0,2.5,2.0,2.2,5,0.0,0.0
random_normal_09,buffer,0.0,0.0,0.0,0.0,0,0.0,0.0,0,,0.0,0.0,1.0,2048.340445850938,normal,0.0,True,True,1.0,2.0,2.5,2.0,2.0,2.5,2.0,2.2,5,0.0,0.0
random_normal_09,uspl,0.0,0.0,0.0,0.0,2,19.509894085226687,19.509894085226687,2,,0.0,0.0,0.8572644466042583,1658.1425641464045,normal,0.0,True,False,0.0,4.0,2.5,4.0,4.0,2.5,4.0,3.4,2,24.38736760653336,0.0
random_normal_10,fixed,0.0,0.0,0.0,0.0,0,0.0,0.0,0,,0.0,0.0,1.0,1391.0041819738187,normal,0.0,True,True,0.0,2.5,2.5,2.5,2.5,2.5,2.5,2.5,5,0.0,0.0
random_normal_10,twap,0.0,0.0,0.0,0.0,0,0.0,0.0,0,,0.0,0.0,1.0,1391.0041819738187,normal,0.0,True,True,0.0,2.5,2.5,2.5,2.5,2.5,2.5,2.5,5,0.0,0.0
random_normal_10,buffer,0.0,0.0,0.0,0.0,0,0.0,0.0,0,,0.0,0.0,1.0,1391.0041819738187,normal,0.0,True,True,0.0,2.5,2.5,2.5,2.5,2.5,2.5,2.5,5,0.0,0.0
random_normal_10,uspl,0.0,0.0,0.0,0.0,0,0.0,0.0,0,,0.0,0.0,1.0,1391.0041819738187,normal,0.0,True,True,0.0,2.5,2.5,2.5,2.5,2.5,2.5,2.5,5,0.0,0.0
random_drawdown_01,fixed,0.7777777777777778,139.43022963339004,131.72858466127613,127.93720681483485,0,0.0,101.53055740434517,57,3.0,3.0,0.0,0.0,129.16136967057147,drawdown,3.0,False,True,0.6111759760717189,2.0,3.0,2.0,2.0,3.0,3.0,2.6,1,25.382639351086294,166.58614206962363
random_drawdown_01,twap,0.7777777777777778,393.1975091439988,350.8080130108905,331.68633480082735,0,0.0,91.15471683954769,55,5.0,5.0,0.0,0.0,336.6781809665211,drawdown,5.0,False,True,0.4331253156728915,4.0,4.0,2.0,1.0,4.0,2.0,2.6,2,22.788679209886922,449.1073902968902
random_drawdown_01,buffer,0.7638888888888888,39.915584065727984,33.964204005836095,32.10075339561905,0,0.0,106.3896053552468,58,2.0,2.0,0.0,0.0,31.980410652538794,drawdown,2.0,False,True,0.7008130923571027,1.0,2.0,2.0,4.0,2.0,4.0,2.8,1,26.5974013388117,43.94310002226809
random_drawdown_01,uspl,0.013888888888888888,2.1960641814783344,2.1960641814783344,2.1960641814783344,4,27.31768589544017,105.03450044073452,10,-8.0,0.0,8.0,0.04427554024619523,59.08250894278453,drawdown,0.0,False,True,0.569129927000128,3.0,1.0,4.0,3.0,1.0,1.0,2.0,3,53.5763110056238,2.745080226847918
random_drawdown_02,fixed,0.2638888888888889,65.49291580262383,53.22355135146084,49.80870189044506,0,0.0,101.45826897745022,21,3.0,3.0,0.0,0.0,49.13376320107317,drawdown,3.0,False,True,0.678463397741032,1.5,2.5,2.0,3.5,2.5,3.5,2.8,1,25.364567244362554,69.5967803021168
random_drawdown_02,twap,0.2638888888888889,309.6872997614166,264.04573077119323,251.51267211330267,0,0.0,91.47336341544793,19,5.0,5.0,0.0,0.0,248.8318744411188,drawdown,5.0,False,True,0.44262187931223274,4.0,4.0,2.0,1.0,4.0,2.0,2.6,2,22.868340853861984,341.4675557115474
random_drawdown_02,buffer,0.2638888888888889,65.49291580262383,53.22355135146084,49.80870189044506,0,0.0,101.45826897745022,21,3.0,3.0,0.0,0.0,49.13376320107317,drawdown,3.0,False,True,0.678463397741032,1.5,2.5,2.0,3.5,2.5,3.5,2.8,1,25.364567244362554,69.5967803021168
random_drawdown_02,uspl,0.013888888888888888,0.593523476894859,0.593523476894859,0.593523476894859,2,14.599837544900796,99.82114191799418,8,-42.0,0.0,42.0,0.0594383489629503,81.8763043901938,drawdown,0.0,False,True,0.5606603094512331,3.0,1.0,4.0,2.0,1.0,1.0,1.8,3,39.55512302439934,0.7419043461185737
random_drawdown_03,fixed,0.2638888888888889,96.09218249141367,85.72675905477541,78.67468771433383,0,0.0,101.48728109895498,20,3.0,3.0,0.0,0.0,82.27161790922932,drawdown,3.0,False,True,0.6201798379882397,2.0,3.0,1.5,3.0,3.0,4.0,2.9,1,25.371820274738745,109.74980467762883
random_drawdown_03,twap,0.25,344.24834932812405,299.9620666045231,288.01125371625716,0,0.0,91.34086337625031,18,5.0,5.0,0.0,0.0,285.1999723633228,drawdown,5.0,False,True,0.42721847792080514,4.0,4.0,1.5,1.0,4.0,3.0,2.7,2,22.835215844062578,386.0241539365541
random_drawdown_03,buffer,0.0,0.0,0.0,0.0,1,3.300026937325514,102.30083505709094,5,2.0,2.0,0.0,0.04897221981061435,66.00053874651027,drawdown,2.0,True,True,0.8088014964508539,1.0,1.5,3.0,4.0,2.0,1.0,2.3,2,28.87523570159825,0.0
random_drawdown_03,uspl,0.0,0.0,0.0,0.0,3,27.38327214371634,99.626667821828,9,-42.0,0.0,42.0,0.08739895380522875,119.48388345176869,drawdown,0.0,True,True,0.5671505836500944,3.0,1.5,4.0,2.0,1.0,2.0,2.1,2,52.28993909917334,0.0
random_drawdown_04,fixed,0.0,0.0,0.0,0.0,0,0.0,97.51608920466447,2,3.0,3.0,0.0,0.3160379224883086,650.1072613644297,drawdown,3.0,True,True,0.7141019071206438,1.0,2.5,1.5,3.0,3.0,2.0,2.4,3,24.379022301166117,0.0
random_drawdown_04,twap,0.0,0.0,0.0,0.0,0,0.0,97.51608920466447,2,6.0,6.0,0.0,0.31660241431874114,650.1072613644297,drawdown,6.0,True,False,0.5340161055057883,3.0,2.5,1.5,3.0,4.0,2.0,2.6,3,24.379022301166117,0.0
random_drawdown_04,buffer,0.0,0.0,0.0,0.0,2,97.51608920466447,97.51608920466447,2,,0.0,0.0,0.3713460447130301,650.1072613644297,drawdown,0.0,True,True,0.6138381223633833,2.0,2.5,4.0,3.0,1.5,2.0,2.6,3,121.89511150583058,0.0
random_drawdown_04,uspl,0.0,0.0,0.0,0.0,9,92.84231769590198,92.84231769590198,9,,0.0,0.0,0.3823327599638117,743.5826915396793,drawdown,0.0,True,True,0.4721231697341999,4.0,2.5,3.0,1.0,1.5,4.0,2.4,3,116.05289711987749,0.0
random_drawdown_05,fixed,0.0,0.0,0.0,0.0,1,36.52276019298309,109.56828057894927,2,3.0,3.0,0.0,0.31309225975512156,730.4552038596619,drawdown,3.0,True,True,0.622802543380619,2.0,2.5,2.0,4.0,3.0,3.0,2.9,1,63.91483033772041,0.0
random_drawdown_05,twap,0.0,0.0,0.0,0.0,0,0.0,73.04552038596619,1,6.0,6.0,0.0,0.5710719580164901,1460.9104077193238,drawdown,6.0,True,True,0.561917140345825,3.0,2.5,1.0,1.5,4.0,1.5,2.1,4,18.261380096491546,0.0
random_drawdown_05,buffer,0.0,0.0,0.0,0.0,1,73.04552038596619,73.04552038596619,1,,0.0,0.0,0.6284821089784511,1460.9104077193238,drawdown,0.0,True,True,0.6823548607634475,1.0,2.5,3.0,1.5,1.5,1.5,2.0,4,91.30690048245773,0.0
random_drawdown_05,uspl,0.0,0.0,0.0,0.0,8,94.81285041025134,94.81285041025134,8,,0.0,0.0,0.4588467452475431,1025.5638072336208,drawdown,0.0,True,False,0.4417059651627759,4.0,2.5,4.0,3.0,1.5,4.0,3.0,2,118.51606301281419,0.0
random_drawdown_06,fixed,0.0,0.0,0.0,0.0,1,76.34350229699685,114.51525344549526,2,3.0,3.0,0.0,0.3463898876417361,763.4350229699684,drawdown,3.0,True,True,0.7348443776337075,1.0,2.5,2.0,1.0,3.0,1.0,1.9,3,104.97231565837066,0.0
random_drawdown_06,twap,0.0,0.0,0.0,0.0,0,0.0,133.6011290197445,3,27.0,27.0,0.0,0.16588246529511966,381.7175114849842,drawdown,27.0,True,True,0.5064701146887077,3.0,2.5,1.0,4.0,4.0,2.5,2.8,2,33.40028225493612,0.0
random_drawdown_06,buffer,0.0,0.0,0.0,0.0,2,95.42937787124606,133.60112901974446,3,-47.0,0.0,47.0,0.21876768010601133,381.7175114849842,drawdown,0.0,True,True,0.6948225041616201,2.0,2.5,3.0,3.0,1.5,2.5,2.5,2,128.82966012618218,0.0
random_drawdown_06,uspl,0.0,0.0,0.0,0.0,13,129.27965987137674,129.27965987137674,13,,0.0,0.0,0.24058977010804714,468.14689445233944,drawdown,0.0,True,True,0.4794316435317979,4.0,2.5,4.0,2.0,1.5,4.0,2.8,2,161.5995748392209,0.0
random_drawdown_07,fixed,0.0,0.0,0.0,0.0,2,95.67286161355347,133.94200625897486,3,3.0,3.0,0.0,0.2086634976029473,382.69144645421386,drawdown,3.0,True,False,0.6719722872079872,2.0,2.5,2.5,2.5,3.0,1.5,2.4,2,129.15836317829718,0.0
random_drawdown_07,twap,0.0,0.0,0.0,0.0,0,0.0,143.5092924203302,4,26.0,26.0,0.0,0.09235101604050712,191.34572322710693,drawdown,26.0,True,True,0.4859059988022975,4.0,2.5,1.0,4.0,4.0,3.0,2.9,2,35.87732310508255,0.0
random_drawdown_07,buffer,0.0,0.0,0.0,0.0,2,95.67286161355347,133.94200625897486,3,2.0,2.0,0.0,0.21941992592139778,382.69144645421386,drawdown,2.0,True,True,0.6785883149232481,1.0,2.5,2.5,2.5,1.5,1.5,2.1,3,129.15836317829718,0.0
random_drawdown_07,uspl,0.0,0.0,0.0,0.0,10,118.58111230408684,129.86112388038129,11,2.0,2.0,0.0,0.23857519836681,464.309094026086,drawdown,2.0,True,True,0.49797459100533775,3.0,2.5,4.0,1.0,1.5,4.0,2.6,3,151.04639327418215,0.0
random_drawdown_08,fixed,0.0,0.0,0.0,0.0,2,95.85264701488381,134.19370582083732,3,3.0,3.0,0.0,0.20717644319408618,383.4105880595352,drawdown,3.0,True,True,0.6856999473231136,2.0,2.5,2.5,2.0,3.0,1.5,2.3,2,129.40107347009314,0.0
random_drawdown_08,twap,0.0,0.0,0.0,0.0,0,0.0,143.77897052232572,4,26.0,26.0,0.0,0.0929520866560802,191.7052940297676,drawdown,26.0,True,True,0.48468083487070096,4.0,2.5,1.0,4.0,4.0,3.0,2.9,2,35.94474263058143,0.0
random_drawdown_08,buffer,0.0,0.0,0.0,0.0,2,95.85264701488381,134.19370582083735,3,-47.0,0.0,47.0,0.20782852493753087,383.4105880595352,drawdown,0.0,True,True,0.7070604271327323,1.0,2.5,2.5,3.0,1.5,1.5,2.2,3,129.40107347009314,0.0
random_drawdown_08,uspl,0.0,0.0,0.0,0.0,13,130.36957583398595,130.36957583398595,13,,0.0,0.0,0.23634458971750433,459.89318779656304,drawdown,0.0,True,True,0.5020621695443686,3.0,2.5,4.0,1.0,1.5,4.0,2.6,3,162.96196979248242,0.0
random_drawdown_09,fixed,0.5833333333333334,64.81329344964075,60.500153022473775,58.23090809867457,0,0.0,106.48064835433041,44,3.0,3.0,0.0,0.0,59.06243954675144,drawdown,3.0,False,True,0.5798254283710708,3.0,3.0,1.5,4.0,3.0,4.0,3.1,1,26.620162088582603,76.70347638488397
random_drawdown_09,twap,0.5833333333333334,273.17559432191916,256.9032106404585,248.16369780671198,0,0.0,96.85981619433608,42,5.0,5.0,0.0,0.0,251.47908274663826,drawdown,5.0,False,True,0.37937348700831397,4.0,4.0,1.5,2.0,4.0,3.0,2.9,1,24.21495404858402,325.1971092209383
random_drawdown_09,buffer,0.0,0.0,0.0,0.0,2,68.39610645729249,95.7545490402095,3,-7.0,0.0,7.0,0.2137759223759912,273.58442582916996,drawdown,0.0,True,True,0.6236170390544303,2.0,1.5,4.0,1.0,1.5,1.0,1.8,4,92.33474371734486,0.0
random_drawdown_09,uspl,0.0,0.0,0.0,0.0,5,36.971754316851545,105.84991365729684,11,-8.0,0.0,8.0,0.05389756992751873,71.67713348742302,drawdown,0.0,True,True,0.7466401687469498,1.0,1.5,3.0,3.0,1.5,2.0,2.2,2,63.434232731175754,0.0
random_drawdown_10,fixed,0.0,0.0,0.0,0.0,0,0.0,97.81266552623381,2,3.0,3.0,0.0,0.31395778413682474,652.0844368415587,drawdown,3.0,True,True,0.7139030642941476,1.0,2.5,1.5,3.0,3.0,2.0,2.4,3,24.453166381558454,0.0
random_drawdown_10,twap,0.0,0.0,0.0,0.0,0,0.0,97.81266552623381,2,6.0,6.0,0.0,0.31438914352438685,652.0844368415587,drawdown,6.0,True,False,0.5336408954250764,3.0,2.5,1.5,3.0,4.0,2.0,2.6,3,24.453166381558454,0.0
random_drawdown_10,buffer,0.0,0.0,0.0,0.0,2,97.81266552623381,97.81266552623381,2,,0.0,0.0,0.3694341153163567,652.0844368415587,drawdown,0.0,True,True,0.6146324702620467,2.0,2.5,4.0,3.0,1.5,2.0,2.6,3,122.26583190779226,0.0
random_drawdown_10,uspl,0.0,0.0,0.0,0.0,9,93.75398366963401,93.75398366963401,9,,0.0,0.0,0.3769616370497692,733.258073973555,drawdown,0.0,True,True,0.4716352043751491,4.0,2.5,3.0,1.0,1.5,4.0,2.4,3,117.19247958704251,0.0
random_oracle_shock_01,fixed,0.0,0.0,0.0,0.0,1,35.534853712921084,35.534853712921084,1,,0.0,0.0,0.6705107807979389,710.6970742584217,oracle shock,0.0,True,False,0.0,3.5,2.5,3.5,3.5,2.5,3.0,3.0,2,44.41856714115136,0.0
random_oracle_shock_01,twap,0.0,0.0,0.0,0.0,0,0.0,0.0,0,,0.0,0.0,1.0,1421.3941485168434,oracle shock,0.0,True,True,1.0,1.0,2.5,1.0,1.0,2.5,1.0,1.6,5,0.0,0.0
random_oracle_shock_01,buffer,0.0,0.0,0.0,0.0,1,35.534853712921084,35.534853712921084,1,,0.0,0.0,0.6705107807979389,710.6970742584217,oracle shock,0.0,True,False,0.0,3.5,2.5,3.5,3.5,2.5,3.0,3.0,2,44.41856714115136,0.0
random_oracle_shock_01,uspl,0.0,0.0,0.0,0.0,1,24.147560447452047,24.147560447452047,1,,0.0,0.0,0.7760969863069261,938.4429395678026,oracle shock,0.0,True,False,0.25548323160859376,2.0,2.5,2.0,2.0,2.5,3.0,2.4,2,30.18445055931506,0.0
random_oracle_shock_02,fixed,0.0,0.0,0.0,0.0,1,34.79906706240374,34.79906706240374,1,,0.0,0.0,0.6822376748309782,695.9813412480748,oracle shock,0.0,True,False,0.0,3.5,2.5,3.5,3.5,2.5,3.0,3.0,2,43.49883382800468,0.0
random_oracle_shock_02,twap,0.0,0.0,0.0,0.0,0,0.0,0.0,0,,0.0,0.0,1.0,1391.9626824961497,oracle shock,0.0,True,True,1.0,1.0,2.5,1.0,1.0,2.5,1.0,1.6,5,0.0,0.0
random_oracle_shock_02,buffer,0.0,0.0,0.0,0.0,1,34.79906706240374,34.79906706240374,1,,0.0,0.0,0.6822376748309782,695.9813412480748,oracle shock,0.0,True,False,0.0,3.5,2.5,3.5,3.5,2.5,3.0,3.0,2,43.49883382800468,0.0
random_oracle_shock_02,uspl,0.0,0.0,0.0,0.0,1,21.7438231182102,21.7438231182102,1,,0.0,0.0,0.8014496256547304,957.0862201319457,oracle shock,0.0,True,False,0.2969639813182561,2.0,2.5,2.0,2.0,2.5,3.0,2.4,2,27.179778897762752,0.0
random_oracle_shock_03,fixed,0.0,0.0,0.0,0.0,1,34.49506692675001,34.49506692675001,1,,0.0,0.0,0.693011188559334,689.9013385350003,oracle shock,0.0,True,False,0.0,3.5,2.5,3.5,3.5,2.5,3.0,3.0,2,43.11883365843752,0.0
random_oracle_shock_03,twap,0.0,0.0,0.0,0.0,0,0.0,0.0,0,,0.0,0.0,1.0,1379.8026770700005,oracle shock,0.0,True,True,1.0,1.0,2.5,1.0,1.0,2.5,1.0,1.6,5,0.0,0.0
random_oracle_shock_03,buffer,0.0,0.0,0.0,0.0,1,34.49506692675001,34.49506692675001,1,,0.0,0.0,0.693011188559334,689.9013385350003,oracle shock,0.0,True,False,0.0,3.5,2.5,3.5,3.5,2.5,3.0,3.0,2,43.11883365843752,0.0
random_oracle_shock_03,uspl,0.0,0.0,0.0,0.0,1,32.60526560380812,32.60526560380812,1,,0.0,0.0,0.709829473423685,727.6973649938382,oracle shock,0.0,True,False,0.04462476074465097,2.0,2.5,2.0,2.0,2.5,3.0,2.4,2,40.75658200476015,0.0
random_oracle_shock_04,fixed,0.0,0.0,0.0,0.0,1,52.83428113827654,52.83428113827654,1,,0.0,0.0,0.6233793302056241,1056.6856227655308,oracle shock,0.0,True,False,0.4352694261240139,2.5,2.5,2.5,2.5,2.5,2.5,2.5,2,66.04285142284567,0.0
random_oracle_shock_04,twap,0.0,0.0,0.0,0.0,0,0.0,0.0,0,,0.0,0.0,1.0,2113.3712455310615,oracle shock,0.0,True,True,1.0,1.0,2.5,1.0,1.0,2.5,1.0,1.6,5,0.0,0.0
random_oracle_shock_04,buffer,0.0,0.0,0.0,0.0,1,52.83428113827654,52.83428113827654,1,,0.0,0.0,0.6233793302056241,1056.6856227655308,oracle shock,0.0,True,False,0.4352694261240139,2.5,2.5,2.5,2.5,2.5,2.5,2.5,2,66.04285142284567,0.0
random_oracle_shock_04,uspl,0.0,0.0,0.0,0.0,3,64.81665773998557,64.81665773998557,3,,0.0,0.0,0.5332968647297305,817.03809073135,oracle shock,0.0,True,False,0.0,4.0,2.5,4.0,4.0,2.5,4.0,3.4,2,81.02082217498196,0.0
random_oracle_shock_05,fixed,0.0,0.0,0.0,0.0,1,35.22117310121726,35.22117310121726,1,,0.0,0.0,0.6878798139187519,704.4234620243452,oracle shock,0.0,True,False,0.0,3.5,2.5,3.5,3.5,2.5,3.0,3.0,2,44.026466376521576,0.0
random_oracle_shock_05,twap,0.0,0.0,0.0,0.0,0,0.0,0.0,0,,0.0,0.0,1.0,1408.8469240486904,oracle shock,0.0,True,True,1.0,1.0,2.5,1.0,1.0,2.5,1.0,1.6,5,0.0,0.0
random_oracle_shock_05,buffer,0.0,0.0,0.0,0.0,1,35.22117310121726,35.22117310121726,1,,0.0,0.0,0.6878798139187519,704.4234620243452,oracle shock,0.0,True,False,0.0,3.5,2.5,3.5,3.5,2.5,3.0,3.0,2,44.026466376521576,0.0
random_oracle_shock_05,uspl,0.0,0.0,0.0,0.0,1,23.572558783349802,23.572558783349802,1,,0.0,0.0,0.7911065763560265,937.3957483816944,oracle shock,0.0,True,False,0.2633426193160368,2.0,2.5,2.0,2.0,2.5,3.0,2.4,2,29.465698479187253,0.0
random_oracle_shock_06,fixed,0.0,0.0,0.0,0.0,1,35.47468372348509,35.47468372348509,1,,0.0,0.0,0.683118401840392,709.4936744697018,oracle shock,0.0,True,False,0.0,3.5,2.5,3.5,3.5,2.5,3.0,3.0,2,44.34335465435637,0.0
random_oracle_shock_06,twap,0.0,0.0,0.0,0.0,0,0.0,0.0,0,,0.0,0.0,1.0,1418.9873489394035,oracle shock,0.0,True,True,1.0,1.0,2.5,1.0,1.0,2.5,1.0,1.6,5,0.0,0.0
random_oracle_shock_06,buffer,0.0,0.0,0.0,0.0,1,35.47468372348509,35.47468372348509,1,,0.0,0.0,0.683118401840392,709.4936744697018,oracle shock,0.0,True,False,0.0,3.5,2.5,3.5,3.5,2.5,3.0,3.0,2,44.34335465435637,0.0
random_oracle_shock_06,uspl,0.0,0.0,0.0,0.0,1,22.259579574821096,22.259579574821096,1,,0.0,0.0,0.8011638044468148,973.7957574429817,oracle shock,0.0,True,False,0.29498530763918834,2.0,2.5,2.0,2.0,2.5,3.0,2.4,2,27.82447446852637,0.0
random_oracle_shock_07,fixed,0.0,0.0,0.0,0.0,1,35.19519031133008,35.19519031133008,1,,0.0,0.0,0.6947142198695778,703.9038062266015,oracle shock,0.0,True,False,0.0,3.5,2.5,3.5,3.5,2.5,3.0,3.0,2,43.9939878891626,0.0
random_oracle_shock_07,twap,0.0,0.0,0.0,0.0,0,0.0,0.0,0,,0.0,0.0,1.0,1407.807612453203,oracle shock,0.0,True,True,1.0,1.0,2.5,1.0,1.0,2.5,1.0,1.6,5,0.0,0.0
random_oracle_shock_07,buffer,0.0,0.0,0.0,0.0,1,35.19519031133008,35.19519031133008,1,,0.0,0.0,0.6947142198695778,703.9038062266015,oracle shock,0.0,True,False,0.0,3.5,2.5,3.5,3.5,2.5,3.0,3.0,2,43.9939878891626,0.0
random_oracle_shock_07,uspl,0.0,0.0,0.0,0.0,1,24.306290337177646,24.306290337177646,1,,0.0,0.0,0.7891653733927091,921.6818057096502,oracle shock,0.0,True,False,0.24698256111909492,2.0,2.5,2.0,2.0,2.5,3.0,2.4,2,30.382862921472057,0.0
random_oracle_shock_08,fixed,0.0,0.0,0.0,0.0,1,36.865422295055616,36.865422295055616,1,,0.0,0.0,0.6655871304408617,737.3084459011123,oracle shock,0.0,True,False,0.39617093641195433,2.5,2.5,3.5,3.5,2.5,2.5,2.9,2,46.08177786881952,0.0
random_oracle_shock_08,twap,0.0,0.0,0.0,0.0,0,0.0,0.0,0,,0.0,0.0,1.0,1474.6168918022247,oracle shock,0.0,True,True,1.0,1.0,2.5,1.0,1.0,2.5,1.0,1.6,5,0.0,0.0
random_oracle_shock_08,buffer,0.0,0.0,0.0,0.0,1,36.865422295055616,36.865422295055616,1,,0.0,0.0,0.6655871304408617,737.3084459011123,oracle shock,0.0,True,False,0.39617093641195433,2.5,2.5,3.5,3.5,2.5,2.5,2.9,2,46.08177786881952,0.0
random_oracle_shock_08,uspl,0.0,0.0,0.0,0.0,3,29.79188333894823,29.79188333894823,3,,0.0,0.0,0.7189971494719469,878.7792250232601,oracle shock,0.0,True,False,0.12703873137982874,4.0,2.5,2.0,2.0,2.5,4.0,2.6,2,37.23985417368529,0.0
random_oracle_shock_09,fixed,0.0,0.0,0.0,0.0,1,51.20851114627345,51.20851114627345,1,,0.0,0.0,0.6373327150385677,1024.170222925469,oracle shock,0.0,True,False,0.4300213830737288,2.5,2.5,2.5,2.5,2.5,2.5,2.5,2,64.01063893284181,0.0
random_oracle_shock_09,twap,0.0,0.0,0.0,0.0,0,0.0,0.0,0,,0.0,0.0,1.0,2048.340445850938,oracle shock,0.0,True,True,1.0,1.0,2.5,1.0,1.0,2.5,1.0,1.6,5,0.0,0.0
random_oracle_shock_09,buffer,0.0,0.0,0.0,0.0,1,51.20851114627345,51.20851114627345,1,,0.0,0.0,0.6373327150385677,1024.170222925469,oracle shock,0.0,True,False,0.4300213830737288,2.5,2.5,2.5,2.5,2.5,2.5,2.5,2,64.01063893284181,0.0
random_oracle_shock_09,uspl,0.0,0.0,0.0,0.0,3,60.963458188886804,60.963458188886804,3,,0.0,0.0,0.5636833365714752,829.0712820732023,oracle shock,0.0,True,False,0.0,4.0,2.5,4.0,4.0,2.5,4.0,3.4,2,76.20432273610851,0.0
random_oracle_shock_10,fixed,0.0,0.0,0.0,0.0,0,0.0,0.0,0,,0.0,0.0,1.0,1391.0041819738187,oracle shock,0.0,True,True,1.0,1.5,2.5,1.5,1.5,2.5,1.5,1.9,5,0.0,0.0
random_oracle_shock_10,twap,0.0,0.0,0.0,0.0,0,0.0,0.0,0,,0.0,0.0,1.0,1391.0041819738187,oracle shock,0.0,True,True,1.0,1.5,2.5,1.5,1.5,2.5,1.5,1.9,5,0.0,0.0
random_oracle_shock_10,buffer,0.0,0.0,0.0,0.0,1,34.77510454934547,34.77510454934547,1,,0.0,0.0,0.6890723669806442,695.5020909869094,oracle shock,0.0,True,False,0.0,4.0,2.5,4.0,4.0,2.5,3.5,3.3,2,43.46888068668184,0.0
random_oracle_shock_10,uspl,0.0,0.0,0.0,0.0,1,15.697945247741723,15.697945247741723,1,,0.0,0.0,0.8596431262421713,1077.0452770189843,oracle shock,0.0,True,False,0.4357246722399569,3.0,2.5,3.0,3.0,2.5,3.5,2.9,2,19.622431559677153,0.0
